{
  "pyeongs": [
    10,
    20,
    30,
    40,
    50,
    60
  ],
  "rooms": {
    "거실": {
      "10": 7.0,
      "20": 12.0,
      "30": 20.0,
      "40": 28.0,
      "50": 32.0,
      "60": 38.0
    },
    "주방": {
      "10": 5.0,
      "20": 7.0,
      "30": 10.0,
      "40": 13.0,
      "50": 16.0,
      "60": 18.0
    },
    "안방": {
      "10": 7.0,
      "20": 10.0,
      "30": 14.0,
      "40": 16.0,
      "50": 17.0,
      "60": 19.0
    },
    "작방1": {
      "10": 0.0,
      "20": 7.0,
      "30": 9.0,
      "40": 10.0,
      "50": 11.0,
      "60": 13.0
    },
    "작방2": {
      "10": 0.0,
      "20": 0.0,
      "30": 7.0,
      "40": 9.0,
      "50": 10.0,
      "60": 11.0
    },
    "공용욕실": {
      "10": 3.0,
      "20": 4.0,
      "30": 5.0,
      "40": 6.0,
      "50": 7.0,
      "60": 8.0
    },
    "부부욕실": {
      "10": 0.0,
      "20": 0.0,
      "30": 5.0,
      "40": 6.0,
      "50": 7.0,
      "60": 8.0
    },
    "현관": {
      "10": 2.0,
      "20": 3.0,
      "30": 4.0,
      "40": 5.0,
      "50": 6.0,
      "60": 7.0
    },
    "외부창": {
      "10": 7.0,
      "20": 10.0,
      "30": 16.0,
      "40": 21.0,
      "50": 24.0,
      "60": 28.0
    }
  },
  "perimeters": {
    "거실": {
      "10": 8.99555445761961,
      "20": 11.7779454914684,
      "30": 15.2052622469986,
      "40": 17.9911089152392,
      "50": 19.2333044482741,
      "60": 20.9590076100945
    },
    "주방": {
      "10": 7.60263112349929,
      "20": 8.99555445761961,
      "30": 10.7517440445725,
      "40": 12.2588743365776,
      "50": 13.6,
      "60": 14.4249783362056
    },
    "안방": {
      "10": 8.99555445761961,
      "20": 10.7517440445725,
      "30": 12.7216351150314,
      "40": 13.6,
      "50": 14.0185591271,
      "60": 14.8202564080383
    },
    "작은방1": {
      "10": 0.0,
      "20": 8.99555445761961,
      "30": 10.2,
      "40": 10.7517440445725,
      "50": 11.2765242872084,
      "60": 12.2588743365776
    },
    "작은방2": {
      "10": 0.0,
      "20": 0.0,
      "30": 8.99555445761961,
      "40": 10.2,
      "50": 10.7517440445725,
      "60": 11.2765242872084
    },
    "공용욕실": {
      "10": 5.88897274573418,
      "20": 6.8,
      "30": 7.60263112349929,
      "40": 8.32826512546281,
      "50": 8.99555445761961,
      "60": 9.61665222413705
    },
    "부부욕실": {
      "10": 0.0,
      "20": 0.0,
      "30": 7.60263112349929,
      "40": 8.32826512546281,
      "50": 8.99555445761961,
      "60": 9.61665222413705
    },
    "현관": {
      "10": 4.80832611206852,
      "20": 5.88897274573418,
      "30": 6.8,
      "40": 7.60263112349929,
      "50": 8.32826512546281,
      "60": 8.99555445761961
    },
    "외부창 (3베이 기준)": {
      "10": 8.99555445761961,
      "20": 10.7517440445725,
      "30": 13.6,
      "40": 15.5807573628499,
      "50": 16.6565302509256,
      "60": 17.9911089152392
    }
  },
  "balcony": {
    "발코니 면적": {
      "10": 4.0,
      "20": 7.0,
      "30": 11.0,
      "40": 15.0,
      "50": 18.0,
      "60": 22.0
    },
    "다용도실 면적": {
      "10": 1.5,
      "20": 2.5,
      "30": 3.0,
      "40": 4.0,
      "50": 4.5,
      "60": 5.0
    },
    "발코니 도장 면적": {
      "10": 12.0,
      "20": 21.0,
      "30": 32.0,
      "40": 43.0,
      "50": 53.0,
      "60": 64.0
    },
    "다용도실 도장 면적": {
      "10": 5.0,
      "20": 8.0,
      "30": 9.0,
      "40": 12.0,
      "50": 14.0,
      "60": 15.0
    }
  }
}